"DESCRIPTION","DURATION IN MS","NAME","PARENT SUITE","START TIME","STATUS","STOP TIME","SUB SUITE","SUITE","TEST CLASS","TEST METHOD"
"","14","a nonexistent transaction is a 404","","2026-09-30","passed","2026-09-30","","transactions.spec.ts","",""
"","32","the API refuses a transaction it cannot make sense of","","2026-09-30","passed","2026-09-30","","transactions.spec.ts","",""
"","1880","a blocked country is rejected","","2026-09-30","passed","2026-09-30","","transactions.spec.ts","",""
"","14","nothing the API accepted ended up in the dead letter queue","","2026-09-30","passed","2026-09-30","","transactions.spec.ts","",""
"","16","a day nothing happened on still gets a report with only a header","","2026-09-30","passed","2026-09-30","","daily-report.spec.ts","",""
"","1877","a transaction over the limit is rejected with its reason","","2026-09-30","passed","2026-09-30","","transactions.spec.ts","",""
"","1887","the queue is empty once the work is done","","2026-09-30","passed","2026-09-30","","transactions.spec.ts","",""
"","1949","an ordinary transaction is accepted and then approved","","2026-09-30","passed","2026-09-30","","transactions.spec.ts","",""
"","2153","a transaction settled today shows up in today's report","","2026-09-30","passed","2026-09-30","","daily-report.spec.ts","",""
"","68207","a message the processor cannot parse ends up in the dead letter queue","","2026-09-30","passed","2026-09-30","","dead-letter.spec.ts","",""
"","3","test_the_reporter_has_nothing_to_do_with_the_queue","tests.integration","2026-09-30","passed","2026-09-30","","test_least_privilege","",""
"","3","test_the_api_may_not_consume_what_it_submitted","tests.integration","2026-09-30","passed","2026-09-30","","test_least_privilege","",""
"","2","test_it_may_only_read_that_secret[secretsmanager:UpdateSecret]","tests.integration","2026-09-30","passed","2026-09-30","","test_least_privilege","",""
"","1","test_the_reporter_may_not_write_outside_its_prefix","tests.integration","2026-09-30","passed","2026-09-30","","test_least_privilege","",""
"","11","test_a_quiet_day_still_produces_a_report","tests.integration","2026-09-30","passed","2026-09-30","","test_reporting","",""
"","3","test_it_may_not_touch_the_dead_letter_queue","tests.integration","2026-09-30","passed","2026-09-30","","test_least_privilege","",""
"","4","test_it_may_read_the_database_credentials","tests.integration","2026-09-30","passed","2026-09-30","","test_least_privilege","",""
"","3","test_the_rule_fires_daily_at_the_hour_it_says","tests.integration","2026-09-30","passed","2026-09-30","","test_reporting","",""
"","2","test_it_may_only_read_that_secret[secretsmanager:DeleteSecret]","tests.integration","2026-09-30","passed","2026-09-30","","test_least_privilege","",""
"","2014","test_a_large_transaction_is_rejected","tests.integration","2026-09-30","passed","2026-09-30","","test_processing","",""
"","2","test_it_may_only_read_that_secret[secretsmanager:PutSecretValue]","tests.integration","2026-09-30","passed","2026-09-30","","test_least_privilege","",""
"","2","test_the_processor_may_not_write_reports","tests.integration","2026-09-30","passed","2026-09-30","","test_least_privilege","",""
"","4","test_it_has_no_business_in_the_bucket","tests.integration","2026-09-30","passed","2026-09-30","","test_least_privilege","",""
"","1","test_it_may_not_publish_to_its_own_queue","tests.integration","2026-09-30","passed","2026-09-30","","test_least_privilege","",""
"","1","test_the_reporter_may_write_its_report","tests.integration","2026-09-30","passed","2026-09-30","","test_least_privilege","",""
"","16","test_the_report_ignores_the_days_around_it","tests.integration","2026-09-30","passed","2026-09-30","","test_reporting","",""
"","3017","test_an_ordinary_transaction_is_approved","tests.integration","2026-09-30","passed","2026-09-30","","test_processing","",""
"","186","test_the_report_holds_the_transactions_of_that_day","tests.integration","2026-09-30","passed","2026-09-30","","test_reporting","",""
"","0","test_a_transaction_missing_a_field_is_moved_aside","tests.integration","2026-09-30","passed","2026-09-30","","test_dead_letter_queue","",""
"","2022","test_the_same_transaction_delivered_twice_leaves_one_row","tests.integration","2026-09-30","passed","2026-09-30","","test_processing","",""
"","0","test_nothing_else_ends_up_in_the_dead_letter_queue","tests.integration","2026-09-30","passed","2026-09-30","","test_dead_letter_queue","",""
"","2","test_the_api_may_submit_transactions","tests.integration","2026-09-30","passed","2026-09-30","","test_least_privilege","",""
"","0","test_a_message_that_is_not_json_is_moved_aside","tests.integration","2026-09-30","passed","2026-09-30","","test_dead_letter_queue","",""
"","2017","test_a_customer_moving_too_fast_is_rejected","tests.integration","2026-09-30","passed","2026-09-30","","test_processing","",""
"","2021","test_the_decision_is_written_to_the_log","tests.integration","2026-09-30","passed","2026-09-30","","test_processing","",""
"","3","test_the_api_cannot_pull_its_own_image","tests.integration","2026-09-30","passed","2026-09-30","","test_least_privilege","",""
"","3019","test_the_queue_is_empty_once_the_work_is_done","tests.integration","2026-09-30","passed","2026-09-30","","test_processing","",""
"","2","test_the_rule_points_at_the_reporter","tests.integration","2026-09-30","passed","2026-09-30","","test_reporting","",""
"","2017","test_an_older_burst_does_not_count_against_the_customer","tests.integration","2026-09-30","passed","2026-09-30","","test_processing","",""
"","2012","test_a_blocked_country_is_rejected","tests.integration","2026-09-30","passed","2026-09-30","","test_processing","",""
"","3","test_it_may_consume_its_queue","tests.integration","2026-09-30","passed","2026-09-30","","test_least_privilege","",""
"","2","test_the_reporter_may_not_read_the_bucket_back","tests.integration","2026-09-30","passed","2026-09-30","","test_least_privilege","",""
"","2","test_the_api_may_read_the_database_credentials","tests.integration","2026-09-30","passed","2026-09-30","","test_least_privilege","",""
"","14","test_the_healthy_message_is_not_dragged_down_with_them","tests.integration","2026-09-30","passed","2026-09-30","","test_dead_letter_queue","",""
"","0","test_amounts_over_the_limit_are_rejected[amount1]","tests.unit","2026-09-30","passed","2026-09-30","","test_fraud","",""
"","0","test_without_a_day_it_reports_on_yesterday[None]","tests.unit","2026-09-30","passed","2026-09-30","","test_reporter","",""
"","0","test_falls_back_to_the_defaults","tests.unit","2026-09-30","passed","2026-09-30","","test_config","",""
"","1","test_rejects_malformed_payloads[[1, 2, 3]-expected a JSON object]","tests.unit","2026-09-30","passed","2026-09-30","","test_transaction","",""
"","0","test_reads_every_threshold_from_the_environment","tests.unit","2026-09-30","passed","2026-09-30","","test_config","",""
"","0","test_a_transaction_nobody_has_settled_yet_leaves_the_last_columns_empty","tests.unit","2026-09-30","passed","2026-09-30","","test_reporter","",""
"","0","test_amounts_over_the_limit_are_rejected[amount0]","tests.unit","2026-09-30","passed","2026-09-30","","test_fraud","",""
"","0","test_without_a_day_it_reports_on_yesterday[event2]","tests.unit","2026-09-30","passed","2026-09-30","","test_reporter","",""
"","0","test_one_below_the_velocity_limit_still_passes","tests.unit","2026-09-30","passed","2026-09-30","","test_fraud","",""
"","0","test_builds_a_pg8000_url_from_the_secret","tests.unit","2026-09-30","passed","2026-09-30","","test_engine","",""
"","0","test_a_rejected_transaction_carries_its_reason","tests.unit","2026-09-30","passed","2026-09-30","","test_processor_handler","",""
"","0","test_thresholds_come_from_the_environment","tests.unit","2026-09-30","passed","2026-09-30","","test_processor_handler","",""
"","1","test_amount_keeps_its_precision","tests.unit","2026-09-30","passed","2026-09-30","","test_transaction","",""
"","0","test_too_many_recent_transactions_are_rejected","tests.unit","2026-09-30","passed","2026-09-30","","test_fraud","",""
"","0","test_rejects_malformed_payloads[{""transaction_id"": ""tx-1"", ""customer_id"": ""cust-1"", ""amount"": ""-1"", ""currency"": ""eur"", ""country"": ""de"", ""created_at"": ""2026-09-29T10:00:00+00:00""}-must be positive]","tests.unit","2026-09-30","passed","2026-09-30","","test_transaction","",""
"","0","test_the_host_can_be_overridden","tests.unit","2026-09-30","passed","2026-09-30","","test_engine","",""
"","0","test_an_ordinary_transaction_is_recorded_as_approved","tests.unit","2026-09-30","passed","2026-09-30","","test_processor_handler","",""
"","0","test_an_empty_day_still_produces_a_header","tests.unit","2026-09-30","passed","2026-09-30","","test_reporter","",""
"","0","test_an_ordinary_transaction_is_approved","tests.unit","2026-09-30","passed","2026-09-30","","test_fraud","",""
"","0","test_rejects_malformed_payloads[{""transaction_id"": ""tx-1"", ""customer_id"": ""cust-1"", ""amount"": ""125.50"", ""currency"": ""XXX"", ""country"": ""de"", ""created_at"": ""2026-09-29T10:00:00+00:00""}-unsupported currency]","tests.unit","2026-09-30","passed","2026-09-30","","test_transaction","",""
"","0","test_process_summarises_what_it_did","tests.unit","2026-09-30","passed","2026-09-30","","test_processor_handler","",""
"","0","test_rejects_malformed_payloads[this is not json-not JSON]","tests.unit","2026-09-30","passed","2026-09-30","","test_transaction","",""
"","1","test_a_message_that_fails_to_record_is_reported_back","tests.unit","2026-09-30","passed","2026-09-30","","test_processor_handler","",""
"","0","test_the_day_can_be_asked_for","tests.unit","2026-09-30","passed","2026-09-30","","test_reporter","",""
"","0","test_missing_fields_are_all_reported_at_once","tests.unit","2026-09-30","passed","2026-09-30","","test_transaction","",""
"","1","test_rejects_malformed_payloads[{""transaction_id"": ""tx-1"", ""customer_id"": ""cust-1"", ""amount"": ""125.50"", ""currency"": ""eur"", ""country"": ""Germany"", ""created_at"": ""2026-09-29T10:00:00+00:00""}-alpha-2]","tests.unit","2026-09-30","passed","2026-09-30","","test_transaction","",""
"","0","test_rejects_malformed_payloads[{""transaction_id"": ""tx-1""}-missing fields]","tests.unit","2026-09-30","passed","2026-09-30","","test_transaction","",""
"","0","test_rejects_malformed_payloads[{""transaction_id"": ""tx-1"", ""customer_id"": ""cust-1"", ""amount"": ""125.50"", ""currency"": ""eur"", ""country"": ""de"", ""created_at"": ""yesterday""}-ISO 8601]","tests.unit","2026-09-30","passed","2026-09-30","","test_transaction","",""
"","0","test_without_a_day_it_reports_on_yesterday[event1]","tests.unit","2026-09-30","passed","2026-09-30","","test_reporter","",""
"","0","test_every_broken_rule_ends_up_in_the_reason","tests.unit","2026-09-30","passed","2026-09-30","","test_fraud","",""
"","0","test_an_empty_list_blocks_nothing","tests.unit","2026-09-30","passed","2026-09-30","","test_config","",""
"","0","test_a_healthy_batch_reports_no_failures","tests.unit","2026-09-30","passed","2026-09-30","","test_processor_handler","",""
"","2","test_only_the_broken_message_is_reported_back","tests.unit","2026-09-30","passed","2026-09-30","","test_processor_handler","",""
"","0","test_a_password_with_punctuation_survives_the_round_trip","tests.unit","2026-09-30","passed","2026-09-30","","test_engine","",""
"","0","test_the_limit_itself_is_still_allowed","tests.unit","2026-09-30","passed","2026-09-30","","test_fraud","",""
"","0","test_rejects_malformed_payloads[{""transaction_id"": ""tx-1"", ""customer_id"": ""cust-1"", ""amount"": ""abc"", ""currency"": ""eur"", ""country"": ""de"", ""created_at"": ""2026-09-29T10:00:00+00:00""}-not a number]","tests.unit","2026-09-30","passed","2026-09-30","","test_transaction","",""
"","1","test_every_column_is_filled_in","tests.unit","2026-09-30","passed","2026-09-30","","test_reporter","",""
"","0","test_blocked_countries_are_rejected","tests.unit","2026-09-30","passed","2026-09-30","","test_fraud","",""
"","0","test_a_reason_with_a_comma_is_quoted","tests.unit","2026-09-30","passed","2026-09-30","","test_reporter","",""
"","0","test_the_history_is_passed_as_a_snapshot","tests.unit","2026-09-30","passed","2026-09-30","","test_processor_handler","",""
"","1","test_the_customer_history_reaches_the_rules","tests.unit","2026-09-30","passed","2026-09-30","","test_processor_handler","",""
"","1","test_parses_a_well_formed_transaction","tests.unit","2026-09-30","passed","2026-09-30","","test_transaction","",""
"","0","test_amounts_keep_two_decimal_places","tests.unit","2026-09-30","passed","2026-09-30","","test_reporter","",""
